LED Portable Mini Speakers Wireless Hands Free Speaker With TF Blue, 0.25,https://www.ebay.com/itm/LED-Portable-Mini-Speakers-Wireless-Hands-Free-Speaker-With-TF-Blue/372159624712?hash=item56a6713608:g:JHgAAOSwsXVZZkiz
5 ColorsLED Portable Mini Speakers Wireless Bass Speaker With TF USB FM Radio, 0.99,https://www.ebay.com/itm/5-ColorsLED-Portable-Mini-Speakers-Wireless-Bass-Speaker-With-TF-USB-FM-Radio/122747826796?hash=item1c9457326c:m:mhQgut9RmZiclrAPXUoEgfQ
Bose SoundDock Series II 30-Pin iPod iPhone Speaker With Bluetooth Included, 1.00,https://www.ebay.com/itm/Bose-SoundDock-Series-II-30-Pin-iPod-iPhone-Speaker-With-Bluetooth-Included/302556432626?hash=item4671c4c8f2:g:yPMAAOSw7z1aKGKs
Wireless Portable Mini Stereo Bass Speaker Music Player TF Speaker USB LED Light, 1.49,https://www.ebay.com/itm/Wireless-Portable-Mini-Stereo-Bass-Speaker-Music-Player-TF-Speaker-USB-LED-Light/182664675201?hash=item2a87a9bf81:m:mjeZvYFy33R5Da3eshubUYw
LED MINI Portable Speaker TF USB Music Sound Subwoofer Color, 1.89,https://www.ebay.com/itm/LED-MINI-Portable-Speaker-TF-USB-Music-Sound-Subwoofer-Color/122575116613?hash=item1c8a0bd945:m:mYJ24w2NCELHBWvIoqg3J7g
Portable Charge 2+ Wireless Bluetooth Mini Stereo Speaker Splashproof LOT LP, 1.97,https://www.ebay.com/itm/Portable-Charge-2-Wireless-Bluetooth-Mini-Stereo-Speaker-Splashproof-LOT-LP/272949058952?hash=item3f8d081d88:m:mhkV0Eu7VjMwK0eyJs0JJOw
LED Portable Mini Bluetooth Speakers Wireless Hands Free Speaker With TF USB FM, 1.98,https://www.ebay.com/itm/LED-Portable-Mini-Bluetooth-Speakers-Wireless-Hands-Free-Speaker-With-TF-USB-FM/122466340298?hash=item1c83900dca:m:m30Z4X_OahqGA5LYtr8lx-Q
Portable Wireless Bluetooth Speaker USB Flash FM Radio Stereo Bass MP3 Player, 10.04,https://www.ebay.com/itm/Portable-Wireless-Bluetooth-Speaker-USB-Flash-FM-Radio-Stereo-Bass-MP3-Player/142457736409?hash=item212b248cd9:m:m8YlUm6X3EqveTchcQtfL0w
T2 Portable Wireless Bluetooth Waterproof Outdoor Cycling Flashlight Speaker HOT, 10.08,https://www.ebay.com/itm/T2-Portable-Wireless-Bluetooth-Waterproof-Outdoor-Cycling-Flashlight-Speaker-HOT/162705341184?hash=item25e1fe7b00:m:mX_3a-BKHgCdtM59LbKHVng
Mini Animal Bluetooth Wireless Speaker Audio Player Remote Selfie For Phone PC, 10.59,https://www.ebay.com/itm/Mini-Animal-Bluetooth-Wireless-Speaker-Audio-Player-Remote-Selfie-For-Phone-PC/112580437013?hash=item1a36512415:m:mX_p5qvzh4YgR3XFtpRz-Eg
Portable Shockproof Wireless Bluetooth FM Stereo Speaker For Smartphone Tablet, 10.88,https://www.ebay.com/itm/Portable-Shockproof-Wireless-Bluetooth-FM-Stereo-Speaker-For-Smartphone-Tablet/112485969728?hash=item1a30afaf40:m:m8-ksrF78Z82cHJsq6WJ_qA
Sonos Play:3 Black Wireless Speaker Streaming Music Smart Home, 102.50,https://www.ebay.com/itm/Sonos-Play-3-Black-Wireless-Speaker-Streaming-Music-Smart-Home/401455591278?epid=217379886&hash=item5d789e2f6e:g:UVoAAOSw9hdaKJJ6
Portable Skull Shape Wireless Bluetooth Speaker Stereo Speaker For Tablet Phone, 11.99,https://www.ebay.com/itm/Portable-Skull-Shape-Wireless-Bluetooth-Speaker-Stereo-Speaker-For-Tablet-Phone/401375793964?hash=item5d73dc932c:m:mqPGcuo-lNnKKuNAB1e3MJw
NEW! Ultimate Ears UE Boom 2 Green Machine Portable Bluetooth Speaker 984-000555, 112.99,https://www.ebay.com/itm/NEW-Ultimate-Ears-UE-Boom-2-Green-Machine-Portable-Bluetooth-Speaker-984-000555/172989330419?hash=item2846f7b3f3:g:8hoAAOSwbXBaEhZI
Mini Portable Intelligent Bluetooth Wireless Super Bass Speaker For Cellphone PC, 12.99,https://www.ebay.com/itm/Mini-Portable-Intelligent-Bluetooth-Wireless-Super-Bass-Speaker-For-Cellphone-PC/222743402221?hash=item33dc8a96ed:g:KVQAAOSwvTpaJRHW
Touch Wireless Bluetooth Speakers Ultra Portable Superior Sound Built in Mic, 120.89,https://pulsar.ebay.com/plsr/clk/0/SADS/9?pld=%7B%22mecs%22%3A%2211262528126056020dadb92844f3beb7952860036015%22%2C%22enc%22%3A%22AQACAAACoECrdTMMjTK3cnadl0AMuL3NHOaJqPZkCenOFuzZUrM6Y1cPlQ0uZOi2VQoGTs950zw21Pjv2u5YMqlsjv2%2B5GclIoJTE7jABYYi6Tq3EqyqV2VrhVNIm1m36%2FxtVQlfDS2LppMH9UJu%2ByioE338cP5NuVHatS7L17HT15qxIVOUtjRFEEV0Juxvhpv4oiQq2RuEeRoDk2bQZ3B1oMvy3OsFS3eYYNBHb%2BgJ8mNpUkFAIHFVCsqb7X9jU7RJiCyOrQCt6Yl5l7XwFuULew6VSMajad2Ubedgwy2GzVlBGuFgFhUEzcVbzgR8bIvU0HOiHhwdqAX6Obp90S%2FmAVynsWK89g41qBqY5V5h0R4sIG%2FlO%2Br5i%2BGeW1FlBxA%2B2GbMCTHpaAoWHanbpQXm9IdKR5NC33IkZQEs%2BgyUTxn0rdAtFvDQ3D%2FkixrYvBlU0V7ZeFRZQNXwUpB9DX1VdFeI%2FLOLxxqkMURLDaBRKxd6ex65FRP9nc4GUiPJQqdzGn08Pm0D%2BSM5ZB4jBKk52hXzj2lZWgABmZvxofPz%2FqjOyZJjS8LFsNirVObzGOSMvPQp9YpInFuBf75EWxDI4yOjW6XfWwjvsdPx8hkbr5%2Boj2JuWcpVQkW9j%2FxdeLR2%2F5nDEmTCeEFg5kE%2BMbRfSqfANiVPDv6Mm7bIiXm3a65wOJ7OyQdPOGBaUYP8JMI5cpVgMAFRwj1cENiJvYdfjyR9LbGecailYn%2B0VGAh375n0up35VyIey1DA%2BbigtGQh9T1UwJrEc1WamYYfx6JcdZRopceSbfkPz2cP7STQJhkNektuRHf3dB%2FVyUstjjVJ07y295M2EMSxjgwfuTMqx%2FATheBcXQRnSeojmbPoMwRf66zg3j6N7zvZsJo0za3pT1HcA%3D%3D%22%7D
Bluetooth Speakers With Subwoofer Wireless Stereo Wood Bookshelf Speakers + Mic, 137.78,https://pulsar.ebay.com/plsr/clk/0/SADS/9?pld=%7B%22mecs%22%3A%22222728661536ef252d2a651b4d4eacbfa1ad22e9ff0f%22%2C%22enc%22%3A%22AQACAAACoECrdTMMjTK3cnadl0AMuL0sfKucJM6uNIT9dw3QdqUgmgpkWDhrIiVCQBB8OlDUvS%2F1KAVFwnnyIIcgiW5X%2Befg9iJwBxvIlLRWBH3NjqrpBUG9Fvirtgj%2FSNEWW%2F4osLIAjRcHYjPnvXSjU2y981jE2C%2FjCYiq5KPpMSZv0E4O4Ue1vi6TPT1FYItwEOnpd4dVrErPgdSX8VHFElo0D44ikKIHDBRADp3Dszcv6ys6yb6ldQIbHrbY6m0pH6Omq5BTUYY%2FnJ1zpiouHbZXxoNsvtyZz%2FFqNRW19Vv1wHNKDEY%2BkwiI9GiDCbXy8Op8Unw7Q%2BUVB5E%2Bd7wl0ks1GPREjHbmjZeVC7H8WdPUSSlpAG4DtBnTh4AbFMtvjtqQEsPp9s%2BZt6EnPGmsQ1DiEAV4XyrS7lJV6vPuEGEzRJbVdrnElaN7Sn8I9o14yH7XWLAA6Tt%2B1RvGFGus4OcXmCapybLLxISGLj4veScFQfk1dgDzuBDYE8Rf5%2BKAzVXurTITPUXRnl%2Fb2EOOPN0e2pNqRXpjLAG3DFGvHZAiWyM%2FMER%2FyJjOe349vM866UlrX%2Fq29rgxHevmayC6QePHyd6bKU2tkYZHlWZ7AB3gVJa0QNuMdXuyRYy8K%2B2cikr3goP2uIRCGIAYu6%2F8npMUD3kiYTRMHNF%2FM5cBH%2FZ8sys7v2AHcxWPIx5vDcAuByWhiTuVpKxPwTpt%2FoIu5hi87YYCAUpCHwTLdXAOH3L7aYnAhJxX0wXIrR%2B%2F61AHzVI%2Fc9vkonPVSPCWd6I8neN20qZyvGV0nAa7VcZnGrvlmf%2Boa7dpc0iRBxqkU6lZVi%2FolIRaxGo7E1HHHfWaovcwABzEvvAdfm2E0DATmWKG96uZvgoqiPmnofQ02Q2Jy6SjOA%3D%3D%22%7D
Wireless Bluetooth Speaker Portable Outdoor Stereo Super Bass Speakers Abundant, 15.00,https://www.ebay.com/itm/Wireless-Bluetooth-Speaker-Portable-Outdoor-Stereo-Super-Bass-Speakers-Abundant/222719143608?hash=item33db186eb8:m:mWE2eSqA-3YOdDnkpucK0pA
New KENWOOD Bluetooth Wireless Speaker AS-BT77-S Silver With Tracking From Japan, 157.99,https://www.ebay.com/itm/New-KENWOOD-Bluetooth-Wireless-Speaker-AS-BT77-S-Silver-With-Tracking-From-Japan/162756071512?epid=1842006988&hash=item25e5049058:g:RxsAAOSwXedZvRnk
Mini Portable LCD FM Radio Stereo Speaker MP3 Music Player Micro SD TF USB AUX, 16.42,https://www.ebay.com/itm/Mini-Portable-LCD-FM-Radio-Stereo-Speaker-MP3-Music-Player-Micro-SD-TF-USB-AUX/332344919666?hash=item4d614d0672:m:mrbnmn_nvz9pHjc4US3XzOQ
Portable Indoor Outdoor Wireless Bluetooth Stereo Speaker USB/AUX/TF/FM Radio, 19.79,https://www.ebay.com/itm/Portable-Indoor-Outdoor-Wireless-Bluetooth-Stereo-Speaker-USB-AUX-TF-FM-Radio/401418459976?hash=item5d76679b48:g:ULEAAOSwFYxZ1vbd
Hot Sell LED MINI Portable MP3/4 Player Speaker TF USB Music Sound Subwoofer, 2.11,https://www.ebay.com/itm/Hot-Sell-LED-MINI-Portable-MP3-4-Player-Speaker-TF-USB-Music-Sound-Subwoofer/222592577509?epid=10006059457&hash=item33d38d2fe5:m:mIlzIDmYHMBUqayMu94wQ-w
LED MINI Portable Bluetooth MP3 Speaker TF USB Music Sound Subwoofer Wireless, 2.34,https://www.ebay.com/itm/LED-MINI-Portable-Bluetooth-MP3-Speaker-TF-USB-Music-Sound-Subwoofer-Wireless/391848139456?hash=item5b3bf81ac0:m:m8VKC9xYDH-mktG-Dq3YqTQ
Portable Mini 3.5mm Hamburger Speaker Rechargeable For iPhone Laptop Tablet PC, 2.69,https://www.ebay.com/itm/Portable-Mini-3-5mm-Hamburger-Speaker-Rechargeable-For-iPhone-Laptop-Tablet-PC/131919972930?hash=item1eb70b0a42:m:m6MBLbUP0g9WQMyFAx9s4iQ
Portable Wireless Bluetooth Waterproof Outdoor Cycling Flashlight Speaker T2, 21.39,https://www.ebay.com/itm/Portable-Wireless-Bluetooth-Waterproof-Outdoor-Cycling-Flashlight-Speaker-T2/272618951533?epid=728933741&hash=item3f795b136d:g:26YAAOSwsW9Y3K4V
"VAVA Voom 21 Wireless Bluetooth Speakers, 3 EQ Modes Customized For Any...", 225.21,https://pulsar.ebay.com/plsr/clk/0/SADS/9?pld=%7B%22mecs%22%3A%2219234291791453237f81485d43cf9274ed22d9790e09%22%2C%22enc%22%3A%22AQACAAACoECrdTMMjTK3cnadl0AMuL2nj7cKtC3tZf%2FMLy2Twq85XBs3Euy6q6x6wEg9imNx1LPyuR2H3no8VXi1dYGDqx8ZcUwoGzGMyyr2oKBSWT7K8VNfI47k4HcgS1Fbjr0qIg1KWgYGjC%2BUZUI1tojwXm86jtihXP9VZXT%2FJ4IImCjDahEByS8QcybtRGoo%2Fq7zQuzoqE%2FLpw4c65L2TL6vGHwCQcSEw6m79iyDaWBIfytKmo5XQ3DPKa4KfHhClQUCzb7zQm0OSpe3hlL%2Bhz7gREk%2BE8mbRqmt1qohq8kByhNGIVfLBXaJES6I%2BdKW4bQteQWMOUMVV9i6LR3wkYS1QoeVt8RRXWGgr00oYACCWvdhrH4iAIOjPh9ZoDwxCUjA%2FNl1siBa%2By5BvqrcIUBLIzMXpn4YudeTKlSuUK9p46mZXS8XHvw4F4pWNPFwn1n7Ov2sR5%2FyikRUYSpsabIKau57ww4h29uc2FFRv0f%2FjMSdHTQ%2FNeOmFVSf%2B%2BqxvZlsJ%2B0clZNX9djxfkosw%2F901C0pNsC4ljz%2Br0%2FG6Co6Ad5j7mPzx48sLJVk2yes9qm6cXu1yaIQd3s9t2lGIc7egA%2B3zjS%2Bwmrv3d6g4YWZbTQOsTRbYfWkZoIaSH5m2WFOHTMyuVa%2B3u51FwJtX5DPLvRKfx%2F6dlM8Zncid7GXnzPzYS%2FPMmHW85DgxdnGCL%2BR7FkUvW5KZtTy0qrbCsMf2iLyf%2BQTquhfGRpVSkxWvK2YkeEq33JokBDA52%2FRL8KJSkDXXsOvn1QARYtE3L2wHETBqyWJxaVoSiAuQk5e1DWcfq17vnB4wWsNoeyoCqSUU1WpTW5GndUPl%2FPsYlKmTZZNHs8CY0AH%2BiO5ZTwrUqPxFCfAfqDslgz3OF%2FZ%2Bj%2FrWQ%3D%3D%22%7D
Logitech MX SOUND Premium Bluetooth Speakers Genuine New, 232.90,https://pulsar.ebay.com/plsr/clk/0/SADS/9?pld=%7B%22mecs%22%3A%22222681271298e249f4d0e01a429aa2c5b27943c46ad1%22%2C%22enc%22%3A%22AQACAAACkECrdTMMjTK3cnadl0AMuL1k6UayyYllkTNHi2xegNzuGKOKJE%2B2s66sSa7RBzugSa%2F%2BmcR7fL%2B4Hv3%2BUM%2BiEKZ3N74xYBBARDWUhD4UM6Y0e1fB6NKiqlQUtVPWkIN2w%2Ba3MYWlZXpgCeplWX2aSAaVVaeux2%2BtT7sGsYCsy0Gx8qgUJi9TS7QrLy9c7pPN5YfXQ%2Fd%2FhYb0Zy8ZtMVGHUuJtXjM9ScZinLJdroTOqJTbEJcthACyILgQWWA6ZD2upTPXvDaL5zR3pz35ZWbESGJJG3W4SMvKx%2FhrGk38O2G9GITCyrF4Ey9WblykPqQ0F0o7zwx0u1xnEoWhj6fikGz4JNiHL08tFMuviIKy4rtmFrMaagjK0FQFJyhHdMoIKjl7US4KYPoJGXYNmtq2v%2B%2BpwlzuS0lWbFa0UjXoM4%2F2IrzpHc9LUWTSDbdD2O6vA1jIMPMRWvkGmYZgUpL5Pyz%2BunKZLyIb1xyUWe%2B5W0NWPD9SC12e8iHaRRN3lVrS1FecdiaQXsZcW2yhtnMPqloU2OLWwhWBXJx19rn5aaTAJbmBuy826kuxeIpUdPjDQzfaiHqg6SbbtZXos9LEczwAHlh5SxScGoK0hXxVgz7rJy9DDVK1eBHj1VrUZ%2FQquCsM432x5Sgb0NvtKmUb089TmToGLRlhG6evQyKldBeIf1EOIpYCBI9Ml0pn%2BxOH%2BrXBooh1q0fKRkd3CqEg4oaplobVEG%2Bqbd91UTh6SakrVtN%2B%2BckPwwiY%2BD8wjujeoFachIMrm1gO9N0PvFXVARWALnYgHS0RX%2BRYqnQp1wHRBnxqPbkFzL4BXxPX2dwAcFVgSd1KDRQGBnV%2BwOUocbwULujAhmEEtkkayYDeHMI%22%7D
"6110 Enclosed Subwoofer Systems Bluetooth Speakers, Portable Wireless 4.1 For 12", 241.80,https://pulsar.ebay.com/plsr/clk/0/SADS/9?pld=%7B%22mecs%22%3A%22112632226459b0f39d00f029474f9d5db7887b348f13%22%2C%22enc%22%3A%22AQACAAACoECrdTMMjTK3cnadl0AMuL2rVmIstlvPF90Si%2B6w6XXRH5ucpZLi559mMFM5mMq0vZ7txy1Kd%2B47li4XExZN2aAwxBmXudMlTy4KEUs1d2sVucZP4p552BPjKyGB8EOSfNAtr3JWVvRjIgLlErxVmGfG4mPM2ZkhVNJ6QW9cNgvjVR2W3t5Vo0%2FTs755veAJNAecTWzleysWtc%2Bt5ZLqUCQpcdRMShFhMq0zYoDPa1r9jibgr35H6KSiLgT47drwzY3W9JQUdtI8mH%2B1iKcbtiuHZkEqQr6Wbnpo0WilLH9bCsbyQbxjs%2FF43SB8IKvlogXXpFZxAqhxGg93bwTPz6IcidsMg46RjXQRH1My%2FstqIZa%2B2iMYtEQByHYj0Z6ypCuofkIrXq7%2BuEQ0PyYVLa%2Ba2rnYb0%2FZL3t8UPwGOHqCulK2tDd54XVJeP5zWfHsdqwlWuoJSSXsAwTLzjZuiEJ6%2BgzL%2BOXKr29nIlz9ywfRRoNAttZghajbKPpCmk61vWfAlVADuWmhjf7yehj39Po3ybuDnMGBk2pOQlePCV5qAtlFzUZD1ePRLxi2RyO5vc6XRpsQU3qF2fGV5hVF1Qwr6VpoTe2FLyzeFIVEYdZU8mglLFZyuCIM0NDF%2FIEf6Ox%2FAZtZpS5zTfd4EH7qOSuPpW1mp6DaGbwLjuba7O4dAay9DzjnP6wa7K7dtLPbMms0BtrNV59VIW9jZ262EW4EukOqj9jY8M%2FJrq2fuRv3W6GU2weDQ2MMKDt2tz7wC7KhShaCH5BrfHJ2UOKKTtkh8vuZT3MGo0v4vX5%2FW0WWn04cPA7ryQO9tIHhFeG4JmTe9gEaIi2Nvk3bVwNIxRPxwNd%2BKIYkC0Mvwih48Fxk0et8O4fiqGHcXUHVOV%2FAVg%3D%3D%22%7D
NEW BOSE SOUNDLINK REVOLVE + PLUS BLUETOOTH SPEAKER - BLACK WIRELESS PORTABLE, 250.00,https://www.ebay.com/itm/NEW-BOSE-SOUNDLINK-REVOLVE-PLUS-BLUETOOTH-SPEAKER-BLACK-WIRELESS-PORTABLE/222745951620?hash=item33dcb17d84:g:JmoAAOSwI8laJcOx
Bluetooth Speaker Soundbar Mini Home Theater Hifi Sound Bar System Antinoise 20W, 28.99,https://www.ebay.com/itm/Bluetooth-Speaker-Soundbar-Mini-Home-Theater-Hifi-Sound-Bar-System-Antinoise-20W/382275636957?hash=item5901674edd:m:m8uV5YemEfp8uAlKh1UxytQ
20W Bluetooth 4.1 Mini Wireless Power Bank Speaker Stereo Portable Waterproof, 29.99,https://www.ebay.com/itm/20W-Bluetooth-4-1-Mini-Wireless-Power-Bank-Speaker-Stereo-Portable-Waterproof/372134876265?hash=item56a4f79469:m:mLr2vY9et1XFI4AzPxvtkBA
LED Mini Portable Speaker LCD FM Radio AUX TF SD USB Music MP3 Player USB Cable, 3.89,https://www.ebay.com/itm/LED-Mini-Portable-Speaker-LCD-FM-Radio-AUX-TF-SD-USB-Music-MP3-Player-USB-Cable/132266044268?hash=item1ecbabab6c:m:meV5AprmBDsYhdFKAw3gOtw
Charge 3+ Waterproof Portable Wireless Bluetooth Speaker Multi-Color NEW LN, 30.99,https://www.ebay.com/itm/Charge-3-Waterproof-Portable-Wireless-Bluetooth-Speaker-Multi-Color-NEW-LN/272969269998?hash=item3f8e3c82ee:m:mkRobGgjOzZYM9Dyk1oppBQ
Yamaha NSIC800WH 140-Watts 2-Way RMS Speaker -- White (2 Speakers), 311.34,https://pulsar.ebay.com/plsr/clk/0/SADS/9?pld=%7B%22mecs%22%3A%2219234291790856432aa63d8e48ed85a0cfa799bce5cb%22%2C%22enc%22%3A%22AQACAAACkECrdTMMjTK3cnadl0AMuL3uNjqiIUGXttRDL9KV72TXe2kIwzDoe%2FsiE0cMaB3HqbyWlihOUE6%2FGP%2BM9TsRoOdgbqDFVv5BxO%2FMCM%2Fpt9RSomC2UCHlvnihd%2F0QetoxHgJ2zOBPQWazA9Fs1xzmpnRxYmhNQpeXPJR4o1fS4FRYEcxM2JRCnUsaadVNdTbK%2FYqrakMwAAVBwZ2EMQHUjZZ%2FQgQdEOQqFgZM0iWtaR%2BMibH4knY54fkSf8LdNAUj2%2BGKCAgqUsc83VwoOa6ZtkLlp1YA4m7UsxGER898uQFA10bGMoIW2WDqaCCgq%2F3vCJBIQdPpQxsb%2F8FiNTChFIcn92C5Yl3uC7ab3jkegUA3e%2FMJ0lkyk670VU8v9YVfKLN4oZWvQKbub%2BNv3OYz%2Bt8nl%2Bht2E53V%2F3Z3lV%2BWb0Z%2BImcPrDVbBDKmUr6QR1JHxxrXcObYdw50F2DAfXe1zgwdPKTtsQ6jrZ3kDpgjcu4bgacv6panu5aRa5coJETjrq3BtEJMT9kMb0CZw886YJo5H30Igdz%2FK3iwyCRKmLXE4bSfgmkiLbpR%2F%2Fq%2B47djzhB%2FOSr7kazwl4m03USCVWftzBPoXtGj64Cnql7BhpU4gMPZGzaWSYUlg%2F361ciLgknKR27%2Fg%2BNFtjyfmHxlMvKfywTsTvBB1JS6Og1mGG9JclvUMw795HU28lkzQMYLCp1DpF7ZPgoAcUX9MhaZc%2BHHdnChwhrafK29V4t3S6%2BciKy0LXooCCAgECOygVmvki5ORxnoGQ98eFK%2F8rRbsb%2BEWNnjEVYOeuBYrZgsDB8JKkibcO7OF6LdhcIrQsZjf2lTJIe6Pca5%2Bkajp9Fwt1x9aZ6HBrP6MbwXIJQ7Z5k%22%7D
SARDiNE A10 Multi-function Bluetooth Wireless Stereo Speaker for iphone7/plus, 32.29,https://www.ebay.com/itm/SARDiNE-A10-Multi-function-Bluetooth-Wireless-Stereo-Speaker-for-iphone7-plus/352163947376?epid=6005140247&hash=item51fe9b6370:g:EQIAAOSwqVBZZcWX
FliP FLLP 3 + Splashproof Portable Bluetooth Speaker Kaleidoscope 2017, 34.59,https://www.ebay.com/itm/FliP-FLLP-3-Splashproof-Portable-Bluetooth-Speaker-Kaleidoscope-2017/142506960297?hash=item212e13a5a9:m:mInVxBKYYGBN7lr6Ptw6-Kg
Genuine JBL Go Portable Outdoor MP3 Smartphones WiFi Bluetooth Stereo Speaker, 37.51,https://www.ebay.com/itm/Genuine-JBL-Go-Portable-Outdoor-MP3-Smartphones-WiFi-Bluetooth-Stereo-Speaker/272889568310?hash=item3f897c5c36:g:UYwAAOSw3~VZ1P8O
New Smith Outdoor Tech Universal Wired Audio Chips Helmet Speakers, 39.99,https://www.ebay.com/itm/New-Smith-Outdoor-Tech-Universal-Wired-Audio-Chips-Helmet-Speakers/182893380019?hash=item2a954b81b3:g:WeMAAOSwmgJY2qP8
Audioengine HD3 Compact Wireless Speakers (Pair), 399.00,https://pulsar.ebay.com/plsr/clk/0/SADS/9?pld=%7B%22mecs%22%3A%22322630323857e9da6f85e4e9438f9367e4aff5e6fabe%22%2C%22enc%22%3A%22AQACAAACgECrdTMMjTK3cnadl0AMuL2QHtd960pBsuZ9B8q%2BOKNJkPE5zV3ET1HxxiN9uqX%2FUEuTjWWiwbdGywX52PurAXR3ZTok%2BXUbrTsy4MI7APHjt8y1ys%2BIZlUmPUaw01PzgpZZu0HkPNQtpoUMu4kN4PtqZLBD66I58fDOI2XZF0zR7SDGnyY%2FfSh303vXwAp5P4md2NFhkdAM68Z8Gjs7BbFsoQOJVKM8i3LgxDWFEwQRWHxNbXMZ6Bpmjx6FB%2BQcmAPt1Gf6FIW1M9pCQMLzPFoC7765eYl5yuJ5tD7ZbHsMrT1Z4P029rOcTh8cKjp%2FSt%2FgRbnCf2znerXW3DqrBoj7OJ0QHyXQC2iweayO31ZJOwBa9Bc7WkcCjroQx%2BywhcMpox0LF9FNXPBBHGOx%2Fz%2BtAacMJ0ZicU2HfVW3LtSH6lobGofWfW1dRRUZgQGOFH0t5Fia6tFUK%2BFD2qH%2BFcZgMG2JcffsmrVD%2B6hgAbxBHGpX%2BftgEa30ohV5bJcpROHmptHKdfzKt5usf5e447Qw46ZMZ702boudSSAADdlEBlX9FLFHoCjabT2u7hCayfJXNZV9ERlL%2FlHkJH1%2F2lwqnSh%2FMsKfnzAZOokFokZhd6dzJLccOJ%2FIrF65O%2BJfftWOHoKwoDq8ZLJLLCsNWSmgEd2D%2FjWiRLSw5o6aicx2%2BWUAgniuhF%2Fe%2BAOcE%2FOoj0F8Y1h7A0MdfOCDVPlACJdYFOD4LYxH1IMMBzaZ1W8Gxlqi5oeJSLcQEir7WkI99%2BR%2BEFUmKfKlu0INss3mNQJSFwVU%2BukxhhQtRAXsuqG%2BZ5sO3mexXLAh1kwhOvPBfjrmXGVy2FoQAYD7ccHGSmQ%3D%22%7D
Handsfree Wireless Bluetooth Speaker Suction Car Shower Waterproof Music Mic POP, 4.84,https://www.ebay.com/itm/Handsfree-Wireless-Bluetooth-Speaker-Suction-Car-Shower-Waterproof-Music-Mic-POP/272948248560?hash=item3f8cfbbff0:m:m1UfzQ6Zo7eCNuu_YOddYDw
Portable Micro TF USB Mini Stereo Bass Speaker Music Player FM Radio PC MP3/4, 4.99,https://www.ebay.com/itm/Portable-Micro-TF-USB-Mini-Stereo-Bass-Speaker-Music-Player-FM-Radio-PC-MP3-4/282259676372?hash=item41b7fcdcd4:m:mBJz494UidiU2PHm2iPobyQ
Charge 3+ Waterproof Portable Wireless Bluetooth Speaker Multi-Color, 43.59,https://www.ebay.com/itm/Charge-3-Waterproof-Portable-Wireless-Bluetooth-Speaker-Multi-Color/122743023217?epid=16007889946&hash=item1c940de671:m:mzJuVPLFQ3Xt-spHxFi-4Ow
Tronsmart Element T6 25W Portable Bluetooth Speaker 360 degree Stereo with Mic, 45.99,https://www.ebay.com/itm/Tronsmart-Element-T6-25W-Portable-Bluetooth-Speaker-360-degree-Stereo-with-Mic/202033293564?hash=item2f0a1f68fc:m:mlKdfvoJ2pVxF4urwJRk6Eg
Bluetooth Speaker Xtreme Portable Wireless Splashproof Multicolor New in Box, 47.39,https://www.ebay.com/itm/Bluetooth-Speaker-Xtreme-Portable-Wireless-Splashproof-Multicolor-New-in-Box/122776583446?hash=item1c960dfd16:m:mKLdS2iTqIv71JjtAseVUAg
Portable Bluetooth Speaker Waterproof Sports FM Stereo Wireless LED Flashlight, 5.00,https://www.ebay.com/itm/Portable-Bluetooth-Speaker-Waterproof-Sports-FM-Stereo-Wireless-LED-Flashlight/292303846777?hash=item440eaabd79:m:mOPG07GJipR8J3uvGtV57Fw
Compact Micro SD TF USB Stereo Bass Speaker Music Player FM Radio PC MP3/4 Mini, 5.94,https://www.ebay.com/itm/Compact-Micro-SD-TF-USB-Stereo-Bass-Speaker-Music-Player-FM-Radio-PC-MP3-4-Mini/382253204933?hash=item59001105c5:m:m5HK7EwJxz0bsBO5p2d4_nQ
Best Bluetooth Wireless Speaker Mini SUPER BASS Portable For Smartphone Tablet, 6.15,https://www.ebay.com/itm/Best-Bluetooth-Wireless-Speaker-Mini-SUPER-BASS-Portable-For-Smartphone-Tablet/401450198367?hash=item5d784be55f:m:mng83eD-SqcfL0DWktlma9A
Best Bluetooth Wireless Speaker Mini SUPER BASS Portable For Smartphone Tablet, 6.19,https://www.ebay.com/itm/Best-Bluetooth-Wireless-Speaker-Mini-SUPER-BASS-Portable-For-Smartphone-Tablet/263094416888?hash=item3d41a635f8:m:mEUyMfJK9KI45YFLx3S7O2Q
Digital FM AM Radio World Band Supper Bass Mini Speaker AUX USB TF W/ LED Light, 6.74,https://www.ebay.com/itm/Digital-FM-AM-Radio-World-Band-Supper-Bass-Mini-Speaker-AUX-USB-TF-W-LED-Light/371982509535?hash=item569be2a5df:m:mwta0oaLKPI-J4DdXjHELnw
15W LCD Bluetooth Wireless Speaker Super Bass Subwoofer Stereo AUX USB TF FM, 60.99,https://www.ebay.com/itm/15W-LCD-Bluetooth-Wireless-Speaker-Super-Bass-Subwoofer-Stereo-AUX-USB-TF-FM/132360622917?hash=item1ed14ed345:m:mZADsW6AbvotHWWJOOvrnMA
"Gracety Portable Bluetooth Speakers V4.0 with Better Bass, IPX5 Water...", 61.26,https://pulsar.ebay.com/plsr/clk/0/SADS/9?pld=%7B%22mecs%22%3A%2228265719902027645ecb0dd44b7c876ca024ac8ab1d1%22%2C%22enc%22%3A%22AQACAAACoECrdTMMjTK3cnadl0AMuL2kLwjI3CMa%2BsiGhIqkcIuyyFPNVi3yN3oQxv%2BJ80SWS%2BdpJHg27fTTnwjBlO%2FH%2Fye%2FW5%2Bvh6sM5Yp%2F6OHh3ImowPKt5RZPx2N6fpeZPvEXC4WQA3PmscKTy%2F2eJeUcFInVFX10VkpeZPQfazNgeEZc7eeaRPXF9dmLk%2B6VdyH61mUeCG545WH14LHlbQrLj03Pfbq6XB3vDJ2XvSX%2F2mmieVA%2FlbCTtBWU589U5SYb0I7ncmtYkFoo0LZw77SU77ReCw%2FmtWlIXws8WhEJBXYhjvmGIxY7wWcMcSsQyKhmyC7cl62DeSuC4fFhiR%2BalSOqY9ARQ%2BZdquggHUWWkXVvC%2BdDihDI8eRZu1harQ0MkZJEmsrytGFHZhfbyqlpxOnLnkrfp7JVdLtEaHBStHUBIxR52sEOIl1BMn1%2FUHj5kEt%2BjFZ76h8hgv4jbQqfso2S9WkF4NuN4g4MgwyYGK1IhVDMwc7GxsK1wIm3jbXyigjFSppXILF14NDuoeQDdeQcFNooyk2Wq%2F2Mm19CA4rAg%2BpNRREA1qF9V3skaCh5MnR%2FxYXbtCA0G0jGH%2F9UMZ1g3NU0I7eCq3CAxGMK9jVFz3YLEtaYeQdU6X3AgeDMbyeVlqLUGaIEc7I7opg%2BuYNMDUy1cT%2FyU%2Bu%2Fv%2FtajS3g%2F%2FOYhSo3v3zErpib5Vlz7DtYOBZwo7VQKZt77EzWiZ0pLAUG1Eg7nhAWr7JI44WB7expJOHFf35eK3YfQr%2B53ZIxiM67Ph3B%2BkNfm0fTlVj25iPFg0Bp9A6tre%2B5d%2FBJQAf%2BveVdzPyyoJU06eAn8J9vrz6j%2FWrRbuzjUGRc5yPPrX4%2FfmKL3dQse%2Bzyf5hPp7%2F1eQzqK5EqWD1X%2FZSz8A%3D%3D%22%7D
Portable Wireless Bluetooth Stereo Speaker Super Bass for iPhone Samsung BLA MT, 7.03,https://www.ebay.com/itm/Portable-Wireless-Bluetooth-Stereo-Speaker-Super-Bass-for-iPhone-Samsung-BLA-MT/311939899636?hash=item48a11120f4:g:NF4AAOSw2x1XKJ3c
Portable Multimedia USB Mini Speaker for Computer Desktop PC Laptop Notebook, 7.94,https://www.ebay.com/itm/Portable-Multimedia-USB-Mini-Speaker-for-Computer-Desktop-PC-Laptop-Notebook/291810956053?hash=item43f149d315:g:OzsAAOSwvg9XezOf
BLUETOOTH WIRELESS MINI PORTABLE SPEAKER SPEAKERS FOR MOBILE PHONE IPHONE IPAD, 8.69,https://www.ebay.com/itm/BLUETOOTH-WIRELESS-MINI-PORTABLE-SPEAKER-SPEAKERS-FOR-MOBILE-PHONE-IPHONE-IPAD/272651873055?hash=item3f7b516b1f:g:bOUAAOSww9xZBgaX
Splashproof Charge 2 + Portable Wireless Bluetooth Stereo Speaker Party Outdoor, 8.72,https://www.ebay.com/itm/Splashproof-Charge-2-Portable-Wireless-Bluetooth-Stereo-Speaker-Party-Outdoor/302463889789?hash=item466c40b17d:m:m7JXhSbWNYrzmK94i_j_6dQ
Swimmer Waterproof Bluetooth Speaker 4.0 Portable Floating Wireless Speakers 10W, 81.14,https://pulsar.ebay.com/plsr/clk/0/SADS/9?pld=%7B%22mecs%22%3A%2215266108295156e66be0e39c46cbb1caa005c995eb14%22%2C%22enc%22%3A%22AQACAAACoECrdTMMjTK3cnadl0AMuL2knLERj0tNDFuKmNGwISZeR4bjExSRFFapfNUJ5NmfLPo%2BG8zka29HU2FLsj6OI16tg2VsbWkwsF5N3wybZEa9ckaXtwcd5Iv%2BKV%2FGcRFXealUuB83wH4sDUNOcAfsyeiG8k0pEcBFRHAfBPn7bUkrg2eJMAOX%2FZIrnAMf6Pk70iDCxtjcoIx3yl2LtQEwKEPivbAHrAw%2BK%2BSJ6HRPVYvXAfyK1C4uN4tuEJrnny2d%2FfAC2KIgTX5mBmyh3uSfg7C7anPG4mD6wCh0OKa4x0WR5lDLzr4ycHPENVMBCnoA9Yys0ykmG4ul09iNsXGkbD7EZvST5N6Y2s3mvbdNsYvTOHWHfIM88DGUJOT6pElwXoedlVk3AOl4alxeVoScM4PxbfPqBt2u%2BVh7FxQ9ct4k5ESFXour9QdsxuvL8sX35ZF16rzDAp%2B%2B%2FJ8NGd4PHygjTCxSHJLz6dgDWgvwfzCi07UC4AOmafvZbBXfZmhhxP%2B%2F4Xgc80BNxTyK8ukfyBNuRItEOZlPfkXIHb0G4G2UVs6RP%2BLbwcK71pXk05QOWeBdA9eksqBJRJqG%2BK07wBNuxOOSTEwUm5qw%2FYKQZW8wtilEzCvukNzwsrlaYHhyZoYcf%2BodNUKZhtTTjfy1mqGK%2B7zoXqPGtMWiVeNaO4LEE6BGf5n1JC83sEjf5Q0UdijYMgOLs6X7Nhzet5e095AHSQ2m7LfKgw4iT8c0lPrlgJLArheiElxIWRG14JhuZYVWM5xmhkM%2BsQJb2s6%2FKAKOV5at02zaIcWHkO0L26fSM1yDrqyMWYSjaj8TXY2wfTqzMSc8bHEEzZafPAFvpNeMolGO6YAxxZvyiAaDbj4qB2uklyFrgG7RoyqtGm%2BmOQ%3D%3D%22%7D
"AOMAIS GO Bluetooth Speakers,Water proof Portable Indoor/Outdoor 30W Wireless...", 84.92,https://pulsar.ebay.com/plsr/clk/0/SADS/9?pld=%7B%22mecs%22%3A%22202138029690024908b423f044bca752a5e0096205f5%22%2C%22enc%22%3A%22AQACAAACoECrdTMMjTK3cnadl0AMuL30DARk89JV%2BvPGwB5fQY5ZVzqy7tjlgoBPmWi51rkgAisxOt1%2Fy%2B6WThI%2BisTc1AC9%2F20HYcIYUGwNuDegxj9K6lnAej2fCbV5I2SvDGi6%2F8IXHmf5cO6B%2BwCrDFYEff67hDlIUTcS3b%2BVrlL6l4dZjSUv40nxigLh8OfSvWflXs1p7UMwcBsSOC2pv3CYh4nLbJQ0gD5%2BL91T4%2FNx6rnN%2FEQKCNQl9TP4GPefieKATPEJHFXduZfn73M0SfyEhH%2BrTXOTT1zfJ3Uq3E%2Bi%2FfMc9shMnf1ylk28%2F5KWgzw1Ks%2FaoKbDB05Hklp4XA%2Fgias%2FFVuYjjsLhbHux3GNSVsgOLDZcT76IyUFd69liFmt4OpXs0449y2%2BicCeHB5pYJpYq9b5CB1%2BW1ZVCq4%2Bcmyea96SZ72cWeOzM2igUQOs7eqe1Cds5xOkQgQrJRoMxuwPcRCuWyXKVp9%2Fx0SP6spePnws6bLmVscL35mE1wg3dJWAiPpfXrP%2F4B7LlUr6JbZV58tFkHCqd8cGoxLucEYAIArH2RMy1FuuJ8Dx2C1SdsppDXeXk6dCpfbj%2FqpaNAoyk9unJhyrS8SeAtFjsvxd3tcf%2FEDLtedlf%2F40TR3x%2FyW3n2%2F5A9dZdt7OEu%2BSQVjXXdvotZXJX6Q%2BMx%2BfUcXOy95BeV0sj88uNohDNitibr%2FtwSiDjAnbDSH%2FXRnoucx2oLvfCqQmJi2I6RNrnvbQ6Vv%2F4RJ2H7hvudmC1QHP95hgqKoEQS%2FrjbL13W8p%2B3py0Y4DYWh9OrYTe8YnXmLc%2BI2e1kFdQBnkQx%2FjLYtpCqOH8NA%2FX4FWI3UEpWSpziWersmYWrr7NaIHQboKMFv74wu78dpRhQwM1S2GJq4kEg%3D%3D%22%7D
BLUETOOTH WIRELESS MINI PORTABLE SPEAKER SPEAKERS FOR MOBILE PHONE IPHONE IPAD, 9.36,https://www.ebay.com/itm/BLUETOOTH-WIRELESS-MINI-PORTABLE-SPEAKER-SPEAKERS-FOR-MOBILE-PHONE-IPHONE-IPAD/262084248689?hash=item3d05704471:g:G4QAAOSwtlhWFlAL
Wireless Bluetooth Speaker Stereo Pokemon Go Ball Shape LED Light Changeable, 9.89,https://www.ebay.com/itm/Wireless-Bluetooth-Speaker-Stereo-Pokemon-Go-Ball-Shape-LED-Light-Changeable/292359360911?hash=item4411f9d18f:m:mbH11ohVp-pZjUi_HjJiHIA
Original Xiaomi Mi Bluetooth 4.0 Speaker Wireless Audio Speakers with Hands-free, 9.99,https://www.ebay.com/itm/Original-Xiaomi-Mi-Bluetooth-4-0-Speaker-Wireless-Audio-Speakers-with-Hands-free/272919456338?hash=item3f8b446a52:m:mb1vzy3JuvCKgkPE6qn-1PQ
title,price ($),url
